code,ranking
10001,9999
10002,9999
10003,9999
10004,9999
10005,9999
10006,9999
10007,9999
10008,9999
10009,9999
10010,9999
10011,9999
10012,9999
10013,9999
10014,9999
10015,9999
10016,9999
10017,9999
10018,9999
10019,9999
10020,9999
10021,9999
10022,9999
10023,9999
10024,9999
10025,9999
10026,9999
10027,9999
10028,9999
10029,9999
10030,9999
10031,9999
10032,9999
10033,9999
10034,9999
10035,9999
10036,9999
10037,9999
10038,9999
10039,9999
10040,9999
10041,9999
10042,9999
10043,9999
10044,9999
10045,9999
10046,9999
10047,9999
10048,9999
10049,9999
10050,9999
10051,9999
10052,9999
10053,9999
10054,9999
10055,9999
10056,9999
10057,9999
10058,9999
10059,9999
10060,9999
10061,9999
10062,9999
20001,9999
20002,9999
20003,9999
20004,9999
20005,9999
20006,9999
20007,9999
20008,9999
20009,9999
20010,9999
20011,9999
20012,9999
20013,9999
20014,9999
20015,9999
20016,9999
20017,9999
20018,9999
20019,9999
20020,9999
20021,9999
20022,9999
20023,9999
20024,9999
20025,9999
20026,9999
20027,9999
20028,9999
20029,9999
20030,9999
20031,9999
20032,9999
20033,9999
20034,9999
20035,9999
20036,1
20037,9999
20038,9999
20039,9999
20040,9999
20041,9999
20042,9999
20043,9999
20044,9999
20045,9999
20046,9999
20047,9999
20048,9999
20049,9999
20050,9999
20052,9999
20053,1
20054,9999
20055,9999
20056,1
20057,1
20058,1
20059,1
20060,8
20061,9999
20062,1
20063,9999
20064,9999
20065,9999
20066,1
20067,9999
20068,1
30001,1
30002,1
30003,1
30004,9999
30005,9999
30006,9999
30007,9999
30008,9999
30009,9999
30010,9999
40001,1
40002,9999
40003,9999
40004,1
40005,9999
40006,9999
40007,9999
40008,9999
40009,9999
40010,9999
40011,9999
40012,9999
40013,9999
40014,9999
40015,9999
40016,9999
40017,9999
40018,9999
40019,1
40020,9999
40021,9999
40022,9999
40023,9
40024,9999
40025,9999
40026,9999
40027,9999
40028,1
40029,9999
40030,1
40031,1
40032,9999
40033,9999
40034,9999
40035,9999
40036,9999
40037,1
40038,9999
40040,9999
40041,9999
40050,9999
40051,9999
40052,9999
40053,9999
40054,9999
40055,9999
40060,9999
40061,9999
40063,9999
40064,9999
40065,9999
40066,9999
40067,9999
40068,9999
40069,2
40070,9999
40071,9999
40072,1
40078,9999
40087,9999
40088,9999
40089,9999
40090,9999
40091,1
40092,1
40093,9999
50001,9999
50002,9999
50003,4
50004,9999
50005,9999
50006,9999
50007,1
50008,9999
50009,9999
50010,9999
50011,9999
50012,9999
50013,9999
50014,9999
50015,9999
50016,9999
50017,9999
50018,9999
50019,9999
50020,9999
50021,9999
50022,9999
50023,1
50024,9999
60001,9999
60002,9999
60003,9999
60004,9999
60005,9999
60006,1
60007,9999
60008,9999
60009,9999
70001,9999
70002,9999
70003,9999
70004,9999
70005,9999
70006,9999
70007,9999
70008,9999
80001,9999
80002,9999
80003,9999
80004,9999
80005,3
80006,1
80007,9999
80008,1
80009,1
80010,1
80011,1
80012,9999
80013,9999
80014,9999
80015,9999
80016,9999
80017,1
80018,9999
80019,9999
80020,9999
80021,10
80022,9999
80023,9999
80024,9999
80025,9999
80026,9999
80027,9999
80028,6
80029,9999
90001,9999
90002,9999
90003,9999
90004,9999
90005,9999
90006,9999
90007,9999
90008,9999
90009,9999
90010,9999
90011,9999
90012,9999
90013,9999
90014,9999
90015,1
90016,9999
90017,9999
90019,9999
90020,9999
90021,1
90022,9999
90023,9999
90024,9999
90025,9999
90026,9999
90027,9999
90040,9999
90041,9999
90042,9999
90043,1
90044,9999
90045,9999
90046,9999
90047,9999
90048,9999
90049,9999
90050,9999
90051,9999
90052,9999
90053,9999
90054,9999
90055,9999
90056,9999
90057,9999
90058,9999
90059,9999
90060,9999
90061,9999
90062,9999
90063,9999
90064,9999
90065,1
90066,9999
90067,9999
90068,9999
90069,1
90070,9999
90071,1
90072,9999
90073,9999
90074,9999
90075,9999
90076,9999
90077,9999
90078,1
100001,9999
100002,1
100003,9999
100004,1
100005,9999
100006,9999
100007,9999
100008,9999
100009,9999
100010,9999
100011,9999
100012,1
100013,9999
100014,9999
100015,9999
100016,9999
100017,9999
100018,9999
100019,9999
100020,9999
100021,9999
100022,1
100023,9999
100024,9999
100025,9999
100026,5
100027,9999
100028,9999
100029,9999
100030,1
100031,9999
100032,9999
100033,9999
100034,9999
100035,1
100036,9999
100037,9999
100038,9999
100039,9999
100040,9999
100041,9999
100042,9999
100043,9999
100044,1
100045,9999
100046,9999
100047,9999
100048,9999
100049,9999
110001,9999
110002,9999
110003,9999
110004,9999
120001,9999
120002,9999
120003,9999
120004,9999
120005,1
120006,9999
120007,9999
120008,1
120009,9999
120010,9999
120011,9999
120012,9999
120013,9999
120014,9999
120015,9999
120016,9999
120017,1
120018,9999
120019,9999
120020,9999
120021,9999
120022,9999
120023,9999
120024,9999
120025,9999
120026,9999
120027,9999
120028,1
120029,9999
120030,9999
120031,1
120032,1
130001,9999
130002,9999
130003,9999
130004,9999
130005,9999
130006,9999
130007,9999
140001,9999
140002,9999
150001,9999
150002,9999
150003,9999
150004,9999
150005,9999
150006,9999
150007,9999
150008,9999
150009,9999
150010,9999
150011,9999
150012,9999
150013,9999
150014,9999
150015,9999
150016,9999
150017,9999
150018,9999
150019,9999
150020,9999
150021,9999
150022,9999
150023,9999
150024,9999
150025,9999
150026,9999
150027,9999
150028,9999
150029,9999
150030,9999
150031,9999
150032,9999
150033,9999
150034,9999
150035,9999
150036,9999
150037,9999
150038,9999
150039,9999
150040,9999
150041,9999
150042,9999
150043,9999
150044,9999
150045,9999
150046,9999
150047,9999
150048,9999
150049,9999
150050,9999
150051,9999
150052,9999
150053,9999
150054,9999
150055,9999
150056,9999
150057,9999
150058,9999
150059,9999
150060,9999
150061,9999
150062,9999
150063,9999
150064,9999
150065,9999
150066,9999
150067,9999
150068,9999
150069,9999
150070,9999
160001,9999
160002,9999
160003,9999
160004,9999
160005,9999
180001,9999
180002,9999
180003,9999
190001,9999
190002,9999
190003,9999
190004,9999
190005,1
190006,9999
200001,9999
210001,9999
210002,9999
10063,9999
10064,9999
10065,9999
20069,9999
20070,9999
20071,9999
20072,9999
20073,9999
20074,9999
20075,9999
20076,9999
20077,1
20097,9999
20098,9999
40080,9999
40081,1
40082,9999
40083,9999
40084,9999
40085,9999
40086,1
40094,9999
40100,9999
50025,9999
60010,1
60011,7
60012,9999
60013,9999
60014,9999
60015,9999
60016,1
60017,9999
60018,1
60019,9999
60020,9999
70009,1
70010,1
70011,9999
70012,9999
80030,1
80031,1
80032,1
90079,9999
90080,9999
90081,9999
90082,9999
100050,9999
100051,9999
100052,9999
100053,9999
120033,9999
120034,9999
120035,9999
120036,9999
120037,9999
120038,1
120039,9999
120040,9999
120041,1
120042,9999
120043,9999
130008,9999
130009,9999
130010,9999
170001,1
170002,9999
170003,9999
170004,9999
190007,1
190008,9999
190009,9999
190010,9999
190011,1
